RANK,PLAYER,Team,Position,PASSING_C/A,PASSING_YDS,PASSING_TD,PASSING_INT,RUSHING_CAR,RUSHING_YDS,RUSHING_TD,RECEIVING_REC,RECEIVING_YDS,RECEIVING_TD,RECEIVING_TAR,ROST,DIFFERENTIAL,FFP_TOTAL,FFP_AVG,ADP,ADP_ROUND,ROUND
1,Jonathan Taylor,Ind,RB,0/0,0,0,0,320,1563,14,42,338,1,53,99.9,0,325.6,21.7,1.5,1.5,1
2,Cooper Kupp,LAR,WR,0/0,0,0,0,4,25,0,115,1355,10,156,99.9,0,315,19.7,2.9,2.9,1
3,Christian McCaffrey,Car,RB,0/0,0,0,0,207,905,6,91,671,2,106,99.7,0.1,300.1,21.4,4.9,4.9,1
4,Austin Ekeler,LAC,RB,0/0,0,0,0,231,1009,9,67,619,3,85,99.8,0,306.9,20.5,4.6,4.6,1
5,Justin Jefferson,Min,WR,0/0,0,0,0,4,23,0,101,1417,8,155,99.8,0,297.4,18.6,6.2,6.2,1
6,Ja'Marr Chase,Cin,WR,0/0,0,0,0,14,83,1,87,1302,10,135,99.8,0,290,18.1,7.5,7.5,1
7,Derrick Henry,Ten,RB,0/0,0,0,0,353,1503,11,29,218,1,37,99.7,0,275.8,18.4,6,6,1
8,Najee Harris,Pit,RB,0/0,0,0,0,273,1124,7,59,388,2,76,99.7,0,266.1,17.7,8.8,8.8,1
9,Davante Adams,LV,WR,0/0,0,0,0,0,0,0,101,1222,8,142,99.8,0,270.7,18,10.3,10.3,1
10,Dalvin Cook,Min,RB,0/0,0,0,0,264,1172,10,44,357,1,58,99.8,0,264.5,18.9,10.7,10.7,1
11,Stefon Diggs,Buf,WR,0/0,0,0,0,0,0,0,97,1198,9,147,99.8,0,272.1,17,12.6,12.6,1
12,Deebo Samuel,SF,WR,0/0,0,0,0,94,584,6,63,899,5,95,99.7,0,277.5,17.3,14,14,1
13,Tyreek Hill,Mia,WR,0/0,0,0,0,8,58,0,92,1148,7,137,99.8,0,261.5,16.3,16,16,2
14,D'Andre Swift,Det,RB,0/0,0,0,0,204,867,7,66,497,3,83,99.3,0.1,262,17.5,17.4,17.4,2
15,Alvin Kamara,NO,RB,0/0,0,0,0,223,895,7,60,586,4,85,99.7,0,275.6,18.4,14.3,14.3,2
16,Joe Mixon,Cin,RB,0/0,0,0,0,271,1137,10,42,278,2,51,99.7,0.1,262.1,17.5,15.7,15.7,2
17,CeeDee Lamb,Dal,WR,0/0,0,0,0,9,59,0,86,1111,7,130,99.6,0.1,252.4,15.8,19.8,19.8,2
18,Leonard Fournette,TB,RB,0/0,0,0,0,218,937,9,58,388,2,72,99.4,0,261.5,17.4,20.5,20.5,2
19,James Conner,Ari,RB,0/0,0,0,0,227,916,11,49,374,2,58,99,0.1,252.9,18.1,23.7,23.7,2
20,Javonte Williams,Den,RB,0/0,0,0,0,225,981,7,50,355,2,61,98.9,0,241.8,16.1,25.6,25.6,2
21,Aaron Jones,GB,RB,0/0,0,0,0,181,831,5,58,497,3,74,99.3,0.1,244.3,17.5,23.4,23.4,2
22,Cam Akers,LAR,RB,0/0,0,0,0,269,1097,8,37,281,2,48,97.9,0.2,233.4,15.6,29.6,29.6,2
23,Tee Higgins,Cin,WR,0/0,0,0,0,0,0,0,83,1131,8,130,98.4,0.2,249.6,15.6,30.8,30.8,2
24,Keenan Allen,LAC,WR,0/0,0,0,0,0,0,0,95,1042,7,140,99.2,0.1,242.9,16.2,27.7,27.7,2
25,Mike Evans,TB,WR,0/0,0,0,0,0,0,0,77,1069,9,124,99.4,0,237.3,14.8,28.2,28.2,3
26,David Montgomery,Chi,RB,0/0,0,0,0,246,984,8,45,330,2,59,97.8,0.1,237.2,15.8,34.2,34.2,3
27,Saquon Barkley,NYG,RB,0/0,0,0,0,211,855,5,52,419,2,70,98.1,0.1,223.9,16,31.4,31.4,3
28,Jaylen Waddle,Mia,WR,0/0,0,0,0,8,47,0,94,1014,6,136,98.9,0.2,242.6,15.2,34.6,34.6,3
29,Mark Andrews,Bal,TE,0/0,0,0,0,0,0,0,82,1016,8,123,99.7,0.1,236.9,14.8,25.6,25.6,3
30,Travis Kelce,KC,TE,0/0,0,0,0,2,7,0,91,1027,8,125,99.8,0,242.4,15.2,21.4,21.4,3
31,A.J. Brown,Phi,WR,0/0,0,0,0,0,0,0,77,1105,7,125,99.2,0.1,233.7,14.6,34.6,34.6,3
32,DJ Moore,Car,WR,0/0,0,0,0,8,52,0,83,1177,5,141,98,0.2,238.2,14.9,41.6,41.6,3
33,Ezekiel Elliott,Dal,RB,0/0,0,0,0,218,916,8,41,285,2,56,96.3,0.2,226,15.1,36.1,36.1,3
34,Nick Chubb,Cle,RB,0/0,0,0,0,233,1144,7,27,229,1,36,99.1,0.1,216.4,14.4,29.6,29.6,3
35,J.K. Dobbins,Bal,RB,0/0,0,0,0,195,926,9,35,262,1,46,95.4,0.3,217.3,14.5,46.1,46.1,3
36,Josh Jacobs,LV,RB,0/0,0,0,0,228,959,9,37,266,1,47,97.7,0,223.8,14.9,42.8,42.8,3
37,Michael Pittman Jr.,Ind,WR,0/0,0,0,0,5,31,0,88,1089,6,133,97.2,0.2,237.7,14.9,42.2,42.2,4
38,Terry McLaurin,Wsh,WR,0/0,0,0,0,0,0,0,80,1113,6,129,97.3,0.3,231.9,14.5,44,44,4
39,Diontae Johnson,Pit,WR,0/0,0,0,0,4,26,0,90,1106,4,146,97.3,0.1,231.2,14.4,47.3,47.3,4
40,Breece Hall,NYJ,RB,0/0,0,0,0,232,1023,6,33,238,1,43,88.2,1.8,204.7,13.6,51.2,51.2,4
41,Antonio Gibson,Wsh,RB,0/0,0,0,0,235,995,9,29,210,1,38,97.5,-0.2,209.7,14,54.6,54.6,4
42,Josh Allen,Buf,QB,370/577,4119,33,13,114,681,7,0,0,0,0,99.8,0,381.5,23.8,24.3,24.3,4
43,DK Metcalf,Sea,WR,0/0,0,0,0,0,0,0,77,1132,5,131,97.9,0,223.9,14,50.9,50.9,4
44,Mike Williams,LAC,WR,0/0,0,0,0,0,0,0,67,1026,9,116,95.2,0.3,227.3,15.2,51.7,51.7,4
45,Brandin Cooks,Hou,WR,0/0,0,0,0,4,25,0,90,1100,4,133,94.4,0.4,231.8,14.5,58,58,4
46,Chris Godwin,TB,WR,0/0,0,0,0,4,24,0,81,936,6,112,95.2,0.2,217.3,15.5,60.6,60.6,4
47,Amari Cooper,Cle,WR,0/0,0,0,0,0,0,0,79,926,6,119,94.9,0.4,211.9,13.2,65.3,65.3,4
48,Patrick Mahomes,KC,QB,396/615,4601,36,12,64,366,3,0,0,0,0,99.8,0,352,22,32.7,32.7,4
49,Amon-Ra St. Brown,Det,WR,0/0,0,0,0,13,80,1,83,907,6,117,94.9,0.2,220.4,13.8,62.3,62.3,5
50,Kyle Pitts,Atl,TE,0/0,0,0,0,0,0,0,75,951,5,118,99.4,0.1,199.3,12.5,42.7,42.7,5
51,Travis Etienne Jr.,Jax,RB,0/0,0,0,0,170,750,5,52,411,2,69,90.4,0.9,209.5,14,57.1,57.1,5
52,Darnell Mooney,Chi,WR,0/0,0,0,0,4,25,0,78,1131,4,133,92.8,0.3,223.7,14,67,67,5
53,Marquise Brown,Ari,WR,0/0,0,0,0,0,0,0,76,1032,6,120,93.5,0.3,215.3,13.5,64,64,5
54,Jerry Jeudy,Den,WR,0/0,0,0,0,4,24,0,74,1088,6,122,91.3,0.5,221.9,13.9,68.1,68.1,5
55,Justin Herbert,LAC,QB,386/589,4342,34,12,60,277,3,0,0,0,0,99.5,0,331.5,20.7,38.7,38.7,5
56,Courtland Sutton,Den,WR,0/0,0,0,0,0,0,0,65,953,8,111,90,0.6,208.9,13.1,72.1,72.1,5
57,Michael Thomas,NO,WR,0/0,0,0,0,0,0,0,75,812,5,106,92.3,0.3,188,13.4,76.8,76.8,5
58,Hunter Renfrow,LV,WR,0/0,0,0,0,4,23,0,84,859,7,112,90.8,0.5,213.2,13.3,74.7,74.7,5
59,Elijah Mitchell,SF,RB,0/0,0,0,0,248,1044,7,26,184,1,34,91.1,0.4,198.9,13.3,69.2,69.2,5
60,Clyde Edwards-Helaire,KC,RB,0/0,0,0,0,158,714,6,42,323,3,56,90.5,0.5,194.5,13,85.7,85.7,5
61,Miles Sanders,Phi,RB,0/0,0,0,0,212,1037,4,32,260,1,44,90.1,0.5,198,13.2,71.3,71.3,6
62,Cordarrelle Patterson,Atl,RB,0/0,0,0,0,142,582,4,48,426,2,64,91.6,0.4,185.1,13.2,75.4,75.4,6
63,Darren Waller,LV,TE,0/0,0,0,0,0,0,0,72,938,6,112,98.3,0.3,202,12.6,44.7,44.7,6
64,George Kittle,SF,TE,0/0,0,0,0,2,12,0,67,830,5,96,98.2,0,182.2,12.1,52.9,52.9,6
65,Tyler Lockett,Sea,WR,0/0,0,0,0,2,11,0,83,999,4,120,91.6,0.3,208.1,13,81.2,81.2,6
66,Gabriel Davis,Buf,WR,0/0,0,0,0,0,0,0,63,918,9,106,89.2,0.5,209.1,13.1,80.9,80.9,6
67,Drake London,Atl,WR,0/0,0,0,0,0,0,0,77,968,5,123,85.2,1.5,204,12.7,88.4,88.4,6
68,Elijah Moore,NYJ,WR,0/0,0,0,0,6,39,0,67,922,5,115,88.5,0.4,199.3,12.5,97.9,97.9,6
69,JuJu Smith-Schuster,KC,WR,0/0,0,0,0,0,0,0,74,837,7,112,90.5,0.6,199.6,12.5,80.3,80.3,6
70,Lamar Jackson,Bal,QB,312/483,3468,23,14,155,897,4,0,0,0,0,98.6,0.1,311.5,20.8,53.9,53.9,6
71,Dalton Schultz,Dal,TE,0/0,0,0,0,0,0,0,75,700,5,99,94.2,0.4,177,11.1,65.6,65.6,6
72,Allen Robinson II,LAR,WR,0/0,0,0,0,0,0,0,72,924,6,120,88,0.9,200.9,12.6,84.5,84.5,6
73,DeVonta Smith,Phi,WR,0/0,0,0,0,0,0,0,65,875,7,106,89.3,0.6,195.2,12.2,91.3,91.3,7
74,Treylon Burks,Ten,WR,0/0,0,0,0,7,44,0,65,893,6,105,78.1,2.5,195.9,12.2,103.7,103.7,7
75,Rashod Bateman,Bal,WR,0/0,0,0,0,0,0,0,73,893,4,112,85.7,1.1,190.7,11.9,95.3,95.3,7
76,Devin Singletary,Buf,RB,0/0,0,0,0,199,902,7,31,206,1,41,89.7,0.4,191,12.7,79.3,79.3,7
77,Kareem Hunt,Cle,RB,0/0,0,0,0,120,534,4,48,413,2,62,88.8,0.7,184.2,12.3,84.3,84.3,7
78,Damien Harris,NE,RB,0/0,0,0,0,191,827,9,17,121,0,22,88.7,0.6,171.7,11.4,88.8,88.8,7
79,Kyler Murray,Ari,QB,369/562,4078,25,13,97,493,5,0,0,0,0,94.3,0.6,301.9,18.9,66.5,66.5,7
80,Dak Prescott,Dal,QB,389/597,4398,32,11,54,202,3,0,0,0,0,92.6,0.5,309.9,19.4,75.3,75.3,7
81,Jalen Hurts,Phi,QB,278/451,3315,23,12,135,733,9,0,0,0,0,93.5,0.6,320.6,20,70.1,70.1,7
82,Tom Brady,TB,QB,421/635,4514,34,12,29,45,2,0,0,0,0,95,0.2,304.5,19,74,74,7
83,Aaron Rodgers,GB,QB,369/558,4123,35,7,37,142,2,0,0,0,0,93.3,0.3,311.7,19.5,79.3,79.3,7
84,Joe Burrow,Cin,QB,366/549,4195,30,12,52,177,3,0,0,0,0,92.9,0.3,291,18.2,80,80,7
85,Russell Wilson,Den,QB,344/544,4106,30,10,65,313,2,0,0,0,0,91.2,0.5,299.3,18.7,85.6,85.6,8
86,T.J. Hockenson,Det,TE,0/0,0,0,0,0,0,0,68,696,5,99,92.1,0.6,169.3,10.6,78.9,78.9,8
87,Garrett Wilson,NYJ,WR,0/0,0,0,0,2,12,0,67,857,6,109,75.5,3,189.4,11.8,102.9,102.9,8
88,Adam Thielen,Min,WR,0/0,0,0,0,0,0,0,72,792,6,104,88.1,0.7,191.3,12.8,85.6,85.6,8
89,DeAndre Hopkins,Ari,WR,0/0,0,0,0,0,0,0,57,658,5,81,92.1,-0.1,150.6,15.1,88.7,88.7,8
90,Christian Kirk,Jax,WR,0/0,0,0,0,0,0,0,77,869,4,113,85.5,0.6,190,11.9,107.3,107.3,8
91,Kadarius Toney,NYG,WR,0/0,0,0,0,4,23,0,75,863,4,110,81.5,1,187.9,12.5,113.7,113.7,8
92,Chris Olave,NO,WR,0/0,0,0,0,0,0,0,60,848,6,100,74.1,3.1,179.5,11.2,110.6,110.6,8
93,Brandon Aiyuk,SF,WR,0/0,0,0,0,2,15,0,59,775,6,95,82.9,1.1,175.8,11,115.5,115.5,8
94,Chase Claypool,Pit,WR,0/0,0,0,0,12,72,1,59,858,4,105,86.3,0.6,182.9,11.4,110.9,110.9,8
95,AJ Dillon,GB,RB,0/0,0,0,0,177,758,5,27,204,1,34,86.6,0.9,161,10.7,97.7,97.7,8
96,Tony Pollard,Dal,RB,0/0,0,0,0,155,751,4,35,261,1,44,88.2,0.6,169.8,11.3,97.7,97.7,8
97,Chase Edmonds,Mia,RB,0/0,0,0,0,99,464,3,48,336,2,62,85.9,0.5,155,10.3,111.7,111.7,9
98,Michael Carter,NYJ,RB,0/0,0,0,0,111,478,3,45,380,2,63,87.5,0.1,158.9,10.6,116.4,116.4,9
99,Rashaad Penny,Sea,RB,0/0,0,0,0,158,762,4,26,195,1,34,84.3,1,153.2,11.8,109.4,109.4,9
100,Matthew Stafford,LAR,QB,382/576,4356,32,14,36,85,2,0,0,0,0,89.8,0.4,284.5,17.8,101.4,101.4,9
101,Deshaun Watson,Cle,QB,215/328,2454,16,7,63,328,3,0,0,0,0,84.9,-0.6,192.6,19.3,136.8,136.8,9
102,Dallas Goedert,Phi,TE,0/0,0,0,0,0,0,0,58,690,4,82,90.9,0.3,152.6,10.2,95,95,9
103,Zach Ertz,Ari,TE,0/0,0,0,0,0,0,0,58,612,5,88,90.2,0.4,147.5,9.2,97.1,97.1,9
104,Mike Gesicki,Mia,TE,0/0,0,0,0,0,0,0,57,625,5,89,88,0.6,147.3,9.2,106.5,106.5,9
105,Pat Freiermuth,Pit,TE,0/0,0,0,0,0,0,0,63,560,4,88,86.7,0.5,145.2,9.1,114,114,9
106,Ken Walker III,Sea,RB,0/0,0,0,0,126,550,3,21,155,1,28,67.8,3.5,114.5,7.6,117.8,117.8,9
107,Ronald Jones II,KC,RB,0/0,0,0,0,132,566,5,32,235,1,44,80.6,0.8,150.7,10,142.1,142.1,9
108,Russell Gage,TB,WR,0/0,0,0,0,0,0,0,69,767,6,104,81.7,0.9,180.9,11.3,115.2,115.2,9
109,Michael Gallup,Dal,WR,0/0,0,0,0,0,0,0,54,789,6,95,82.9,1,170.9,12.2,162.6,162.6,10
110,Jakobi Meyers,NE,WR,0/0,0,0,0,0,0,0,74,819,4,111,78.3,0.3,179.2,11.2,131.4,131.4,10
111,Jameson Williams,Det,WR,0/0,0,0,0,0,0,0,43,597,4,70,63.4,2.3,127.5,11.6,139.2,139.2,10
112,Christian Watson,GB,WR,0/0,0,0,0,4,25,0,53,709,6,85,65.7,3.8,164.1,10.3,126.7,126.7,10
113,Skyy Moore,KC,WR,0/0,0,0,0,0,0,0,51,651,6,81,59.5,4,151.3,9.5,136.9,136.9,10
114,Robert Woods,Ten,WR,0/0,0,0,0,2,15,0,62,752,4,96,79.7,0.5,162.9,11.6,127.8,127.8,10
115,James Cook,Buf,RB,0/0,0,0,0,87,375,3,43,324,2,56,70.3,3.4,139.8,9.3,122.2,122.2,10
116,Melvin Gordon III,Den,RB,0/0,0,0,0,139,608,6,25,185,1,33,82.1,1.2,146.7,9.8,121.1,121.1,10
117,Rhamondre Stevenson,NE,RB,0/0,0,0,0,146,623,5,25,195,1,33,75.4,1.1,146.6,9.8,133.9,133.9,10
118,James Robinson,Jax,RB,0/0,0,0,0,118,527,4,19,148,1,27,75.4,0.5,116.5,11.6,117.8,117.8,10
119,Hunter Henry,NE,TE,0/0,0,0,0,0,0,0,51,559,6,78,84,0.4,143.7,9,128.7,128.7,10
120,Dawson Knox,Buf,TE,0/0,0,0,0,0,0,0,46,557,6,71,83.4,0.3,136,9.1,119.8,119.8,10
121,Noah Fant,Sea,TE,0/0,0,0,0,0,0,0,60,615,3,85,79.5,0,139.9,8.7,136.8,136.8,11
123,Derek Carr,LV,QB,388/581,4207,27,12,33,106,1,0,0,0,0,85.4,0.5,251,15.7,115.1,115.1,11
124,Trey Lance,SF,QB,301/463,3515,23,12,113,520,4,0,0,0,0,82.5,1,272.5,17,125.4,125.4,11
125,Allen Lazard,GB,WR,0/0,0,0,0,4,27,0,53,674,6,80,74.8,2.3,162.2,10.8,125.1,125.1,11
126,Jahan Dotson,Wsh,WR,0/0,0,0,0,0,0,0,56,733,5,91,47,2.2,160.3,10,150.8,150.8,11
127,Kenny Golladay,NYG,WR,0/0,0,0,0,0,0,0,52,806,5,96,55.2,1.6,165.3,11,143.9,143.9,11
128,Mecole Hardman,KC,WR,0/0,0,0,0,11,71,1,53,683,5,75,62.7,-1.4,167.2,10.5,145.7,145.7,11
129,Marquez Valdes-Scantling,KC,WR,0/0,0,0,0,2,11,0,39,748,5,75,48.7,-1.1,148.8,9.3,155,155,11
130,Jamison Crowder,Buf,WR,0/0,0,0,0,0,0,0,59,611,5,88,13.9,2.8,150.1,10,164,164,11
131,Marvin Jones Jr.,Jax,WR,0/0,0,0,0,0,0,0,59,686,6,95,28.7,0.4,163,10.2,160.3,160.3,11
132,Irv Smith Jr.,Min,TE,0/0,0,0,0,0,0,0,53,520,5,75,38.9,0.8,134.5,8.4,156.3,156.3,11
133,David Njoku,Cle,TE,0/0,0,0,0,0,0,0,48,593,5,72,23.1,6.4,137.7,8.6,141.9,141.9,12
134,Cole Kmet,Chi,TE,0/0,0,0,0,0,0,0,56,598,4,85,28.6,1.2,138.2,8.6,153.5,153.5,12
135,Trevor Lawrence,Jax,QB,369/580,3920,22,15,66,316,2,0,0,0,0,37.6,-0.4,243.1,15.2,156.9,156.9,12
136,Kirk Cousins,Min,QB,371/563,4123,27,10,29,100,1,0,0,0,0,56,-0.1,253.1,15.8,142.5,142.5,12
137,Robbie Anderson,Car,WR,0/0,0,0,0,4,23,0,55,790,4,106,18.4,-1.2,160.2,10,165.5,165.5,12
138,Nyheim Hines,Ind,RB,0/0,0,0,0,60,269,2,51,405,2,69,26.1,4.3,143.5,9.6,147.2,147.2,12
139,J.D. McKissic,Wsh,RB,0/0,0,0,0,63,281,2,50,387,1,65,45.8,-2.5,138.8,9.3,158,158,12
140,Raheem Mostert,Mia,RB,0/0,0,0,0,124,643,4,13,101,1,18,48.1,-3.9,119.3,9.2,159.2,159.2,12
141,Marlon Mack,Hou,RB,0/0,0,0,0,153,673,4,18,123,0,25,35.1,0.7,128.2,9.2,158.2,158.2,12
142,Tyler Boyd,Cin,WR,0/0,0,0,0,2,13,0,63,692,4,90,34.6,-0.2,159.5,10,147.6,147.6,12
143,Jarvis Landry,NO,WR,3-Feb,18,0,0,0,1,0,58,743,4,94,39.5,-0.2,155.9,9.7,147.7,147.7,12
144,Tua Tagovailoa,Mia,QB,358/539,3799,25,13,50,171,3,0,0,0,0,34.9,2,248.9,16.6,153.5,153.5,12
145,DeVante Parker,NE,WR,0/0,0,0,0,0,0,0,50,687,4,89,16.2,0.2,142.3,9.5,165.7,165.7,13
146,Alec Pierce,Ind,WR,0/0,0,0,0,0,0,0,52,700,4,85,19.8,-1.7,150,9.4,168.5,168.5,13
147,Joshua Palmer,LAC,WR,0/0,0,0,0,0,0,0,51,589,5,78,4.5,-0.1,140.5,8.8,169.2,169.2,13
148,Tim Patrick,Den,WR,0/0,0,0,0,0,0,0,52,677,6,83,9,0.3,156.2,9.8,167.2,167.2,13
149,Jalen Tolbert,Dal,WR,0/0,0,0,0,0,0,0,50,659,5,80,5.8,0.2,146,9.1,167.9,167.9,13
151,Justin Tucker,Bal,K,0/0,0,0,0,0,0,0,0,0,0,0,99.4,0.1,136.5,8,99.6,99.6,13
152,Evan McPherson,Cin,K,0/0,0,0,0,0,0,0,0,0,0,0,99.3,0,141.2,8.3,107,107,13
153,Matt Gay,LAR,K,0/0,0,0,0,0,0,0,0,0,0,0,98.4,0.1,140.5,8.3,122.4,122.4,13
154,Harrison Butker,KC,K,0/0,0,0,0,0,0,0,0,0,0,0,97.5,0.2,138.5,8.1,126.6,126.6,13
155,Daniel Carlson,LV,K,0/0,0,0,0,0,0,0,0,0,0,0,92,0.3,132.2,7.8,136,136,13
156,Brandon McManus,Den,K,0/0,0,0,0,0,0,0,0,0,0,0,88.9,0.4,132.7,7.8,147.5,147.5,13
157,Nick Folk,NE,K,0/0,0,0,0,0,0,0,0,0,0,0,88.5,0.3,129.4,7.6,149,149,14
158,Tyler Bass,Buf,K,0/0,0,0,0,0,0,0,0,0,0,0,84.7,0.7,125.8,7.4,149.4,149.4,14
159,Matt Prater,Ari,K,0/0,0,0,0,0,0,0,0,0,0,0,81.6,0.6,127.6,7.5,155.5,155.5,14
160,Graham Gano,NYG,K,0/0,0,0,0,0,0,0,0,0,0,0,50.5,1.6,124.8,7.3,161.5,161.5,14
161,Marlon Mack,Hou,RB,0/0,0,0,0,153,673,4,18,123,0,25,35.8,0.5,128.3,9.2,158.2,158.2,14
162,Jarvis Landry,NO,WR,3-Feb,18,0,0,0,1,0,58,743,4,95,38.5,-1,155.9,9.7,147.7,147.7,14
163,DeVante Parker,NE,WR,0/0,0,0,0,0,0,0,50,687,4,89,16.1,-0.1,142.3,9.5,165.7,165.7,14
164,Tua Tagovailoa,Mia,QB,358/539,3800,25,13,50,170,3,0,0,0,0,37.6,2.4,248.6,16.6,153.5,153.5,14
165,Alec Pierce,Ind,WR,0/0,0,0,0,0,0,0,52,700,4,85,18.1,-1.5,150.1,9.4,168.5,168.5,14
166,Michael Gallup,Dal,WR,0/0,0,0,0,0,0,0,46,676,5,80,78.8,-4.2,146,12.2,162.6,162.6,14
167,Joshua Palmer,LAC,WR,0/0,0,0,0,0,0,0,51,589,5,78,4.4,0,140.5,8.8,169.2,169.2,14
168,Tim Patrick,Den,WR,0/0,0,0,0,0,0,0,52,678,6,83,9.4,0.3,156.3,9.8,167.2,167.2,14
169,Jalen Tolbert,Dal,WR,0/0,0,0,0,0,0,0,52,687,5,83,7.2,1.4,152.2,9.5,167.9,167.9,15
171,Dameon Pierce,Hou,RB,0/0,0,0,0,137,591,4,18,134,1,24,18.6,0,116.8,7.8,164,164,15
172,Logan Thomas,Wsh,TE,0/0,0,0,0,0,0,0,46,501,5,71,33.1,-3.6,126.9,8.5,164.8,164.8,15
173,Isaiah Spiller,LAC,RB,0/0,0,0,0,124,536,4,18,132,1,24,14.9,0.9,114.5,7.6,164.5,164.5,15
174,James White,NE,RB,0/0,0,0,0,36,155,2,47,391,2,62,6.9,0.2,124.9,9.6,169.4,169.4,15
175,Alexander Mattison,Min,RB,0/0,0,0,0,124,497,4,22,158,1,28,38,-0.9,115.2,7.7,159.1,159.1,15
176,Zach Wilson,NYJ,QB,348/561,3823,23,14,45,232,4,0,0,0,0,10.8,0.1,247.6,15.5,167,167,15
177,Justin Fields,Chi,QB,325/514,3630,18,15,99,574,2,0,0,0,0,17,-0.3,235.1,14.7,164,164,15
178,Curtis Samuel,Wsh,WR,0/0,0,0,0,13,77,1,44,518,4,70,4.8,-0.2,131.5,8.8,169.6,169.6,15
179,John Metchie III,Hou,WR,0/0,0,0,0,0,0,0,51,615,3,80,14.3,-1.6,131.2,9.4,169.4,169.4,15
180,Rondale Moore,Ari,WR,0/0,0,0,0,22,119,1,53,537,3,71,31.7,-1.4,142.2,8.9,168.6,168.6,15
181,George Pickens,Pit,WR,0/0,0,0,0,0,0,0,53,678,3,88,13.3,-0.4,139.2,8.7,167.5,167.5,16
182,Gus Edwards,Bal,RB,0/0,0,0,0,136,652,4,15,118,1,20,7.4,0,120.5,8,168.1,168.1,16
183,Darrell Henderson Jr.,LAR,RB,0/0,0,0,0,90,398,3,22,167,1,30,18,-0.6,105.8,7.6,166.2,166.2,16
184,Tyler Allgeier,Atl,RB,0/0,0,0,0,102,420,2,16,115,1,21,11.3,0.3,85.2,5.7,167.7,167.7,16
185,Robert Tonyan,GB,TE,0/0,0,0,0,0,0,0,50,530,5,68,16.6,0.2,132.8,8.3,165.2,165.2,16
186,Jamaal Williams,Det,RB,0/0,0,0,0,145,589,4,21,125,1,25,9.2,-0.1,122,8.7,168.3,168.3,16
187,Kenyan Drake,LV,RB,0/0,0,0,0,76,327,3,31,253,1,41,4.6,-0.1,113.9,8.1,169.5,169.5,16
188,Tyler Higbee,LAR,TE,0/0,0,0,0,0,0,0,52,503,5,72,21.4,-1.5,130.5,8.7,166.2,166.2,16
189,Browns D/ST,Cle,D/ST,0/0,0,0,0,0,0,0,0,0,0,0,42.6,4,96.6,5.7,159.4,159.4,16
190,Bengals D/ST,Cin,D/ST,0/0,0,0,0,0,0,0,0,0,0,0,41.4,-1.3,98.3,5.8,163.3,163.3,16
191,Jake Elliott,Phi,K,0/0,0,0,0,0,0,0,0,0,0,0,23.4,2.1,126,7.4,164.3,164.3,16
192,Cade York,Cle,K,0/0,0,0,0,0,0,0,0,0,0,0,8.1,0.7,124.9,7.3,168.3,168.3,16
193,Van Jefferson,LAR,WR,0/0,0,0,0,4,27,0,48,703,5,84,10.5,-0.6,154.7,9.7,167.8,167.8,17
194,Mark Ingram II,NO,RB,0/0,0,0,0,125,482,4,16,113,0,21,8.6,0.2,101.5,7.3,164.8,164.8,17
195,Rachaad White,TB,RB,0/0,0,0,0,69,292,2,19,146,1,26,3.5,0.1,81.6,5.4,169.4,169.4,17
196,Chris Carson,Sea,RB,--/--,--,--,--,--,--,--,--,--,--,--,20.5,-3,0,--,169.6,169.6,17
197,Rex Burkhead,Hou,RB,0/0,0,0,0,61,236,2,37,289,2,49,6.9,-0.9,112.1,8,#N/A,#N/A,17
198,Darrel Williams,Ari,RB,0/0,0,0,0,77,314,3,26,222,1,34,3.9,0.5,107.9,7.2,169,169,17
199,Damien Williams,Atl,RB,0/0,0,0,0,82,358,2,24,189,1,32,2,0.1,100.8,7.2,#N/A,#N/A,17
200,Jerick McKinnon,KC,RB,0/0,0,0,0,32,139,1,30,253,2,41,0.9,0.6,87.5,6.7,169.5,169.5,17
201,Kenneth Gainwell,Phi,RB,0/0,0,0,0,75,324,3,25,192,1,34,3.9,-0.1,99.6,6.6,#N/A,#N/A,17
202,Brian Robinson Jr.,Wsh,RB,0/0,0,0,0,98,415,4,12,88,0,16,3,0.1,91.7,6.1,#N/A,#N/A,17
203,Velus Jones Jr.,Chi,WR,0/0,0,0,0,4,25,0,49,608,3,79,2.9,0,136.2,8.5,#N/A,#N/A,17
204,DJ Chark Jr.,Det,WR,0/0,0,0,0,0,0,0,40,592,4,73,18.7,-2.1,125.4,8.4,169.1,169.1,17
205,A.J. Green,Ari,WR,0/0,0,0,0,0,0,0,38,524,4,67,4,0,113.6,7.6,169.2,169.2,18
206,Khalil Herbert,Chi,RB,0/0,0,0,0,90,389,3,17,119,1,21,3.8,-0.1,87.1,5.8,169.7,169.7,18
207,Sony Michel,Mia,RB,0/0,0,0,0,115,473,3,8,60,0,12,3,-0.1,83.8,5.6,169.7,169.7,18
208,Samaje Perine,Cin,RB,0/0,0,0,0,65,279,2,22,154,1,28,1.9,0,83.3,5.6,#N/A,#N/A,18
209,Dontrell Hilliard,Ten,RB,0/0,0,0,0,38,171,1,29,198,1,37,1.7,0,77.4,5.2,#N/A,#N/A,18
210,Matt Breida,NYG,RB,0/0,0,0,0,67,315,1,14,99,1,17,1.5,0,67,4.5,#N/A,#N/A,18
211,Boston Scott,Phi,RB,0/0,0,0,0,70,307,3,7,55,0,10,1.6,0,65.1,4.3,#N/A,#N/A,18
212,Chuba Hubbard,Car,RB,0/0,0,0,0,64,250,2,13,89,0,17,4.5,0,59.5,4,169.6,169.6,18
213,Ke'Shawn Vaughn,TB,RB,0/0,0,0,0,77,325,3,5,34,0,7,2.7,-0.2,59.6,4,#N/A,#N/A,18
214,Evan Engram,Jax,TE,0/0,0,0,0,0,0,0,51,573,3,83,9,-0.2,124.6,8.3,168.1,168.1,18
215,Daniel Jones,NYG,QB,335/531,3733,20,12,79,412,3,0,0,0,0,5.3,0.3,241.1,15.1,169,169,18
216,Nico Collins,Hou,WR,0/0,0,0,0,0,0,0,50,649,3,84,2.2,-0.1,136.2,8.5,#N/A,#N/A,18
217,Cedrick Wilson,Mia,WR,0/0,0,0,0,0,0,0,51,610,4,77,2,0,135.8,8.5,#N/A,#N/A,19
218,Corey Davis,NYJ,WR,0/0,0,0,0,0,0,0,44,570,3,75,13.8,-2,121.7,8.1,#N/A,#N/A,19
219,Carson Wentz,Wsh,QB,337/525,3748,24,10,57,224,2,0,0,0,0,8,-0.3,244.6,15.3,168.2,168.2,19
220,Ryan Tannehill,Ten,QB,335/511,3639,22,14,54,256,5,0,0,0,0,8.9,-0.4,246.5,15.4,168.7,168.7,19
221,Eagles D/ST,Phi,D/ST,0/0,0,0,0,0,0,0,0,0,0,0,25.4,-0.9,97.2,5.7,164.6,164.6,19
222,Patriots D/ST,NE,D/ST,0/0,0,0,0,0,0,0,0,0,0,0,24.6,0,93,5.5,162.8,162.8,19
223,Ryan Succop,TB,K,0/0,0,0,0,0,0,0,0,0,0,0,14.1,0.4,124.6,7.3,167.2,167.2,19
224,Robbie Gould,SF,K,0/0,0,0,0,0,0,0,0,0,0,0,7,0.2,124,7.3,168,168,19
225,K.J. Osborn,Min,WR,0/0,0,0,0,0,0,0,45,560,4,74,2.7,-0.1,125.1,7.8,#N/A,#N/A,19
226,Dee Eskridge,Sea,WR,0/0,0,0,0,8,52,0,38,464,3,62,1.2,-0.1,106.4,6.6,#N/A,#N/A,19
227,Sammy Watkins,GB,WR,0/0,0,0,0,2,13,0,32,420,3,51,4.3,0.1,93.5,6.7,169.3,169.3,19
228,Sterling Shepard,NYG,WR,0/0,0,0,0,0,0,0,35,358,2,52,2.2,-0.1,81.8,9.1,#N/A,#N/A,19
230,Randall Cobb,GB,WR,0/0,0,0,0,2,12,0,39,454,5,57,4.6,-0.4,114.4,8.2,#N/A,#N/A,20
231,Nick Westbrook-Ikhine,Ten,WR,0/0,0,0,0,0,0,0,46,572,3,74,1.2,0,123.5,7.7,#N/A,#N/A,20
232,Wan'Dale Robinson,NYG,WR,0/0,0,0,0,8,48,0,48,537,2,73,2.2,0,123.4,7.7,#N/A,#N/A,20
233,Devin Duvernay,Bal,WR,0/0,0,0,0,10,65,0,40,448,3,61,1.6,0,114.6,7.2,#N/A,#N/A,20
234,Bryan Edwards,Atl,WR,0/0,0,0,0,0,0,0,35,484,3,59,1.6,0,98.8,6.2,#N/A,#N/A,20
235,Chris Evans,Cin,RB,0/0,0,0,0,32,140,1,17,128,1,22,1.3,0,56.7,3.8,#N/A,#N/A,20
236,Hassan Haskins,Ten,RB,0/0,0,0,0,43,179,1,12,88,0,16,1.7,0,48.6,3.2,#N/A,#N/A,20
237,D'Onta Foreman,Car,RB,0/0,0,0,0,56,237,1,9,63,0,11,2,0,48.7,3.2,#N/A,#N/A,20
238,Ameer Abdullah,LV,RB,0/0,0,0,0,8,32,0,8,63,0,11,0.7,0,22.3,1.5,#N/A,#N/A,20
239,Zamir White,LV,RB,0/0,0,0,0,71,295,3,9,66,0,12,2.7,0,63.3,4.2,#N/A,#N/A,20
240,Gary Brightwell,NYG,RB,0/0,0,0,0,39,168,1,9,62,0,11,0.3,0,41.8,2.8,#N/A,#N/A,20
241,Craig Reynolds,Det,RB,0/0,0,0,0,33,139,1,10,74,0,13,0.5,0,40.5,2.7,#N/A,#N/A,21
242,Giovani Bernard,TB,RB,0/0,0,0,0,20,79,1,15,98,1,19,0.7,0,40.4,2.7,#N/A,#N/A,21
243,Jameis Winston,NO,QB,309/485,3522,23,13,71,334,2,0,0,0,0,10.7,0.4,236.7,14.8,167.8,167.8,21
244,Mac Jones,NE,QB,351/538,3771,23,13,47,155,0,0,0,0,0,12.5,-0.2,221.1,13.8,165.8,165.8,21
245,Jared Goff,Det,QB,354/544,3772,25,11,27,78,1,0,0,0,0,2.8,0,229.3,14.3,169.4,169.4,21
246,Albert Okwuegbunam,Den,TE,0/0,0,0,0,0,0,0,50,509,5,67,10.8,-0.2,129.8,8.1,166.9,166.9,21
247,Gerald Everett,LAC,TE,0/0,0,0,0,0,0,0,51,516,4,73,5.9,0.1,129.5,8.1,168.8,168.8,21
248,Austin Hooper,Ten,TE,0/0,0,0,0,0,0,0,47,458,4,69,4,-0.1,116.9,7.8,168.9,168.9,21
249,Hayden Hurst,Cin,TE,0/0,0,0,0,0,0,0,44,444,4,62,3.5,0,109.9,6.9,168.8,168.8,21
250,DeeJay Dallas,Sea,RB,0/0,0,0,0,19,79,1,15,99,0,20,0.6,0,40.1,2.7,#N/A,#N/A,21
251,James Washington,Dal,WR,0/0,0,0,0,0,0,0,30,448,4,54,1.3,0,96.1,6,#N/A,#N/A,21
252,Terrace Marshall Jr.,Car,WR,0/0,0,0,0,0,0,0,39,444,2,64,1.8,0,95.6,6,#N/A,#N/A,21
253,Dolphins D/ST,Mia,D/ST,0/0,0,0,0,0,0,0,0,0,0,0,35,-3.6,97.4,5.7,166.6,166.6,22
254,Rams D/ST,LAR,D/ST,0/0,0,0,0,0,0,0,0,0,0,0,42.2,-0.7,89.5,5.3,153.6,153.6,22
255,Greg Joseph,Min,K,0/0,0,0,0,0,0,0,0,0,0,0,8.4,0.1,123.7,7.3,168.9,168.9,22
256,Riley Patterson,Det,K,0/0,0,0,0,0,0,0,0,0,0,0,1.6,0.1,123.2,7.2,#N/A,#N/A,22
257,Brevin Jordan,Hou,TE,0/0,0,0,0,0,0,0,46,477,3,67,1.6,0,111.4,7,#N/A,#N/A,22
258,C.J. Uzomah,NYJ,TE,0/0,0,0,0,0,0,0,47,418,3,63,3.4,-0.1,104.7,6.5,#N/A,#N/A,22
259,Mo Alie-Cox,Ind,TE,0/0,0,0,0,0,0,0,34,434,4,53,1.8,0,102.7,6.4,#N/A,#N/A,22
260,Jauan Jennings,SF,WR,0/0,0,0,0,0,0,0,35,413,3,57,0.9,0,93.7,5.9,#N/A,#N/A,22
261,Braxton Berrios,NYJ,WR,0/0,0,0,0,8,49,0,34,345,2,51,6.1,-0.9,92.1,5.8,#N/A,#N/A,22
262,Kendrick Bourne,NE,WR,0/0,0,0,0,13,94,1,32,338,2,44,6.1,-0.8,91.2,5.7,#N/A,#N/A,22
263,Zay Jones,Jax,WR,0/0,0,0,0,0,0,0,33,399,3,53,0.9,0,89.3,5.6,#N/A,#N/A,22
264,Benny Snell Jr.,Pit,RB,0/0,0,0,0,54,211,2,4,30,0,6,1,0,38.6,2.6,#N/A,#N/A,22
265,Tyrion Davis-Price,SF,RB,0/0,0,0,0,43,184,1,3,24,0,4,2.2,0,32.9,2.2,#N/A,#N/A,23
266,Matt Ryan,Ind,QB,336/516,3752,23,11,40,120,2,0,0,0,0,11.2,0.2,224.5,14,167.1,167.1,23
267,Davis Mills,Hou,QB,382/593,4182,20,14,32,122,1,0,0,0,0,2.4,0,209.7,13.1,169.6,169.6,23
268,Kenny Pickett,Pit,QB,209/343,2309,12,9,31,124,1,0,0,0,0,8.6,-0.5,126.9,8.5,168.3,168.3,23
269,Marcus Mariota,Atl,QB,187/291,2108,10,7,43,252,1,0,0,0,0,2.7,-0.1,131.8,8.2,169.7,169.7,23
270,Sam Darnold,Car,QB,204/327,2225,9,9,31,128,2,0,0,0,0,1.4,0,116.6,7.3,#N/A,#N/A,23
271,Anthony Schwartz,Cle,WR,0/0,0,0,0,4,26,0,31,390,3,51,1.2,0,88.6,5.5,#N/A,#N/A,23
272,Parris Campbell,Ind,WR,0/0,0,0,0,0,0,0,30,371,2,48,1.6,-0.1,78.2,5.6,#N/A,#N/A,23
273,Chris Conley,Hou,WR,0/0,0,0,0,0,0,0,32,432,2,54,0.4,0,87.5,5.5,#N/A,#N/A,23
274,Donovan Peoples-Jones,Cle,WR,0/0,0,0,0,0,0,0,31,428,2,51,2.4,-0.1,87.3,5.5,#N/A,#N/A,23
275,Byron Pringle,Chi,WR,0/0,0,0,0,0,0,0,36,390,2,53,1.7,-0.2,86.5,5.4,#N/A,#N/A,23
276,Snoop Conner,Jax,RB,0/0,0,0,0,21,89,1,9,69,0,12,1.3,0,31.1,2.1,#N/A,#N/A,23
277,Mike Davis,Bal,RB,0/0,0,0,0,29,112,1,6,35,0,7,1.4,-0.1,27.7,1.8,#N/A,#N/A,24
278,Rico Dowdle,Dal,RB,0/0,0,0,0,17,72,1,7,49,0,9,0.2,0,24.1,1.7,#N/A,#N/A,24
279,Jeff Wilson Jr.,SF,RB,0/0,0,0,0,29,118,1,3,26,0,5,1.3,-0.1,25.7,1.7,#N/A,#N/A,24
280,Phillip Lindsay,Ind,RB,0/0,0,0,0,36,155,1,2,13,0,3,0.6,0,25.2,1.7,#N/A,#N/A,24
281,Kene Nwangwu,Min,RB,0/0,0,0,0,23,99,1,4,31,0,6,0.7,0,28.6,1.9,#N/A,#N/A,24
282,Eno Benjamin,Ari,RB,0/0,0,0,0,25,105,1,4,30,0,6,1.2,-0.1,23.7,1.6,#N/A,#N/A,24
283,JaMycal Hasty,SF,RB,0/0,0,0,0,5,20,0,10,73,0,14,0.4,0,23.3,1.6,#N/A,#N/A,24
284,David Bell,Cle,WR,0/0,0,0,0,0,0,0,30,349,2,46,2.2,0,78.8,4.9,#N/A,#N/A,24
285,Chargers D/ST,LAC,D/ST,0/0,0,0,0,0,0,0,0,0,0,0,33.9,-0.3,94.3,5.5,159.2,159.2,24
286,Titans D/ST,Ten,D/ST,0/0,0,0,0,0,0,0,0,0,0,0,4.7,0.2,86.3,5.1,169.2,169.2,24
287,Jonathan Garibay,Dal,K,0/0,0,0,0,0,0,0,0,0,0,0,2.8,0.3,123.5,7.3,169.5,169.5,24
288,Mason Crosby,GB,K,0/0,0,0,0,0,0,0,0,0,0,0,10.5,-1.5,123.1,7.2,169.1,169.1,24
289,Adam Trautman,NO,TE,0/0,0,0,0,0,0,0,34,361,3,53,1.4,-0.1,89.9,5.6,#N/A,#N/A,25
290,Dan Arnold,Jax,TE,0/0,0,0,0,0,0,0,35,413,2,53,0.9,0,90.4,5.6,#N/A,#N/A,25
291,Cameron Brate,TB,TE,0/0,0,0,0,0,0,0,40,410,4,66,1.7,0,108.4,6.8,168.9,168.9,25
292,Tommy Tremble,Car,TE,0/0,0,0,0,4,11,0,34,362,2,53,0.9,0,86.4,5.4,#N/A,#N/A,25
293,Jonnu Smith,NE,TE,0/0,0,0,0,9,43,1,22,268,2,33,1.4,0,68.6,4.3,#N/A,#N/A,25
294,Tutu Atwell,LAR,WR,0/0,0,0,0,0,0,0,26,320,2,42,0.8,0,73.6,4.6,#N/A,#N/A,25
295,Isaiah McKenzie,Buf,WR,0/0,0,0,0,10,58,1,25,242,2,35,0.7,0,71.5,4.5,#N/A,#N/A,25
296,Drew Lock,Sea,QB,219/344,2489,12,9,33,140,2,0,0,0,0,1.8,-0.1,134.4,8.4,#N/A,#N/A,25
297,Broncos D/ST,Den,D/ST,0/0,0,0,0,0,0,0,0,0,0,0,10,-0.1,83.4,4.9,168,168,25
298,Vikings D/ST,Min,D/ST,0/0,0,0,0,0,0,0,0,0,0,0,7.5,-0.7,90.8,5.3,168.8,168.8,25
299,Panthers D/ST,Car,D/ST,0/0,0,0,0,0,0,0,0,0,0,0,2.2,0,85.9,5.1,#N/A,#N/A,25
300,Giants D/ST,NYG,D/ST,0/0,0,0,0,0,0,0,0,0,0,0,1.7,0,86.4,5.1,#N/A,#N/A,25
